<annotation>
	<folder>images</folder>
	<filename>vlcsnap-2018-11-14-21h57m25s792.png</filename>
	<path>/home/inayat/new_retraining_mobilenet/MyDataset/ucwinObjects/images/vlcsnap-2018-11-14-21h57m25s792.png</path>
	<source>
		<database>Unknown</database>
	</source>
	<size>
		<width>558</width>
		<height>305</height>
		<depth>3</depth>
	</size>
	<segmented>0</segmented>
	<object>
		<name>person</name>
		<pose>Unspecified</pose>
		<truncated>0</truncated>
		<difficult>0</difficult>
		<bndbox>
			<xmin>221</xmin>
			<ymin>147</ymin>
			<xmax>238</xmax>
			<ymax>198</ymax>
		</bndbox>
	</object>
	<object>
		<name>person</name>
		<pose>Unspecified</pose>
		<truncated>0</truncated>
		<difficult>0</difficult>
		<bndbox>
			<xmin>293</xmin>
			<ymin>149</ymin>
			<xmax>311</xmax>
			<ymax>205</ymax>
		</bndbox>
	</object>
	<object>
		<name>person</name>
		<pose>Unspecified</pose>
		<truncated>0</truncated>
		<difficult>0</difficult>
		<bndbox>
			<xmin>285</xmin>
			<ymin>148</ymin>
			<xmax>298</xmax>
			<ymax>200</ymax>
		</bndbox>
	</object>
	<object>
		<name>person</name>
		<pose>Unspecified</pose>
		<truncated>0</truncated>
		<difficult>0</difficult>
		<bndbox>
			<xmin>149</xmin>
			<ymin>153</ymin>
			<xmax>163</xmax>
			<ymax>191</ymax>
		</bndbox>
	</object>
</annotation>
