<annotation>
	<folder>images</folder>
	<filename>vlcsnap-2018-11-17-23h52m24s349.png</filename>
	<path>/home/inayat/new_retraining_mobilenet/MyDataset/ucwinObjects/images/vlcsnap-2018-11-17-23h52m24s349.png</path>
	<source>
		<database>Unknown</database>
	</source>
	<size>
		<width>558</width>
		<height>305</height>
		<depth>3</depth>
	</size>
	<segmented>0</segmented>
	<object>
		<name>person</name>
		<pose>Unspecified</pose>
		<truncated>0</truncated>
		<difficult>0</difficult>
		<bndbox>
			<xmin>475</xmin>
			<ymin>126</ymin>
			<xmax>512</xmax>
			<ymax>221</ymax>
		</bndbox>
	</object>
	<object>
		<name>car</name>
		<pose>Unspecified</pose>
		<truncated>0</truncated>
		<difficult>0</difficult>
		<bndbox>
			<xmin>164</xmin>
			<ymin>160</ymin>
			<xmax>476</xmax>
			<ymax>288</ymax>
		</bndbox>
	</object>
</annotation>
