<annotation>
	<folder>images</folder>
	<filename>vlcsnap-2018-11-14-21h56m42s937.png</filename>
	<path>/home/inayat/new_retraining_mobilenet/MyDataset/ucwinObjects/images/vlcsnap-2018-11-14-21h56m42s937.png</path>
	<source>
		<database>Unknown</database>
	</source>
	<size>
		<width>558</width>
		<height>305</height>
		<depth>3</depth>
	</size>
	<segmented>0</segmented>
	<object>
		<name>bus</name>
		<pose>Unspecified</pose>
		<truncated>0</truncated>
		<difficult>0</difficult>
		<bndbox>
			<xmin>426</xmin>
			<ymin>116</ymin>
			<xmax>513</xmax>
			<ymax>195</ymax>
		</bndbox>
	</object>
	<object>
		<name>streetlight</name>
		<pose>Unspecified</pose>
		<truncated>0</truncated>
		<difficult>0</difficult>
		<bndbox>
			<xmin>285</xmin>
			<ymin>115</ymin>
			<xmax>312</xmax>
			<ymax>196</ymax>
		</bndbox>
	</object>
	<object>
		<name>streetlight</name>
		<pose>Unspecified</pose>
		<truncated>0</truncated>
		<difficult>0</difficult>
		<bndbox>
			<xmin>185</xmin>
			<ymin>51</ymin>
			<xmax>232</xmax>
			<ymax>193</ymax>
		</bndbox>
	</object>
	<object>
		<name>streetlight</name>
		<pose>Unspecified</pose>
		<truncated>0</truncated>
		<difficult>0</difficult>
		<bndbox>
			<xmin>130</xmin>
			<ymin>11</ymin>
			<xmax>143</xmax>
			<ymax>196</ymax>
		</bndbox>
	</object>
</annotation>
