<annotation>
	<folder>images</folder>
	<filename>vlcsnap-2018-11-14-21h56m41s547.png</filename>
	<path>/home/inayat/new_retraining_mobilenet/MyDataset/ucwinObjects/images/vlcsnap-2018-11-14-21h56m41s547.png</path>
	<source>
		<database>Unknown</database>
	</source>
	<size>
		<width>558</width>
		<height>305</height>
		<depth>3</depth>
	</size>
	<segmented>0</segmented>
	<object>
		<name>bus</name>
		<pose>Unspecified</pose>
		<truncated>0</truncated>
		<difficult>0</difficult>
		<bndbox>
			<xmin>350</xmin>
			<ymin>131</ymin>
			<xmax>374</xmax>
			<ymax>156</ymax>
		</bndbox>
	</object>
	<object>
		<name>streetlight</name>
		<pose>Unspecified</pose>
		<truncated>0</truncated>
		<difficult>0</difficult>
		<bndbox>
			<xmin>192</xmin>
			<ymin>40</ymin>
			<xmax>238</xmax>
			<ymax>157</ymax>
		</bndbox>
	</object>
	<object>
		<name>streetlight</name>
		<pose>Unspecified</pose>
		<truncated>0</truncated>
		<difficult>0</difficult>
		<bndbox>
			<xmin>462</xmin>
			<ymin>39</ymin>
			<xmax>506</xmax>
			<ymax>160</ymax>
		</bndbox>
	</object>
	<object>
		<name>streetlight</name>
		<pose>Unspecified</pose>
		<truncated>0</truncated>
		<difficult>0</difficult>
		<bndbox>
			<xmin>150</xmin>
			<ymin>5</ymin>
			<xmax>201</xmax>
			<ymax>166</ymax>
		</bndbox>
	</object>
	<object>
		<name>streetlight</name>
		<pose>Unspecified</pose>
		<truncated>0</truncated>
		<difficult>0</difficult>
		<bndbox>
			<xmin>68</xmin>
			<ymin>35</ymin>
			<xmax>79</xmax>
			<ymax>177</ymax>
		</bndbox>
	</object>
	<object>
		<name>streetlight</name>
		<pose>Unspecified</pose>
		<truncated>0</truncated>
		<difficult>0</difficult>
		<bndbox>
			<xmin>284</xmin>
			<ymin>101</ymin>
			<xmax>303</xmax>
			<ymax>161</ymax>
		</bndbox>
	</object>
</annotation>
