<annotation>
	<folder>images</folder>
	<filename>vlcsnap-2018-11-14-22h00m03s755.png</filename>
	<path>/home/inayat/new_retraining_mobilenet/MyDataset/ucwinObjects/images/vlcsnap-2018-11-14-22h00m03s755.png</path>
	<source>
		<database>Unknown</database>
	</source>
	<size>
		<width>558</width>
		<height>305</height>
		<depth>3</depth>
	</size>
	<segmented>0</segmented>
	<object>
		<name>car</name>
		<pose>Unspecified</pose>
		<truncated>0</truncated>
		<difficult>0</difficult>
		<bndbox>
			<xmin>349</xmin>
			<ymin>153</ymin>
			<xmax>375</xmax>
			<ymax>174</ymax>
		</bndbox>
	</object>
	<object>
		<name>bus</name>
		<pose>Unspecified</pose>
		<truncated>0</truncated>
		<difficult>0</difficult>
		<bndbox>
			<xmin>281</xmin>
			<ymin>146</ymin>
			<xmax>301</xmax>
			<ymax>167</ymax>
		</bndbox>
	</object>
</annotation>
