<annotation>
	<folder>images</folder>
	<filename>vlcsnap-2018-11-17-23h53m18s069.png</filename>
	<path>/home/inayat/new_retraining_mobilenet/MyDataset/ucwinObjects/images/vlcsnap-2018-11-17-23h53m18s069.png</path>
	<source>
		<database>Unknown</database>
	</source>
	<size>
		<width>558</width>
		<height>305</height>
		<depth>3</depth>
	</size>
	<segmented>0</segmented>
	<object>
		<name>bus</name>
		<pose>Unspecified</pose>
		<truncated>0</truncated>
		<difficult>0</difficult>
		<bndbox>
			<xmin>160</xmin>
			<ymin>120</ymin>
			<xmax>249</xmax>
			<ymax>184</ymax>
		</bndbox>
	</object>
</annotation>
