<annotation>
	<folder>images</folder>
	<filename>vlcsnap-2018-11-14-22h00m05s498.png</filename>
	<path>/home/inayat/new_retraining_mobilenet/MyDataset/ucwinObjects/images/vlcsnap-2018-11-14-22h00m05s498.png</path>
	<source>
		<database>Unknown</database>
	</source>
	<size>
		<width>558</width>
		<height>305</height>
		<depth>3</depth>
	</size>
	<segmented>0</segmented>
	<object>
		<name>bus</name>
		<pose>Unspecified</pose>
		<truncated>0</truncated>
		<difficult>0</difficult>
		<bndbox>
			<xmin>340</xmin>
			<ymin>140</ymin>
			<xmax>370</xmax>
			<ymax>170</ymax>
		</bndbox>
	</object>
	<object>
		<name>car</name>
		<pose>Unspecified</pose>
		<truncated>0</truncated>
		<difficult>0</difficult>
		<bndbox>
			<xmin>292</xmin>
			<ymin>154</ymin>
			<xmax>307</xmax>
			<ymax>167</ymax>
		</bndbox>
	</object>
	<object>
		<name>bus</name>
		<pose>Unspecified</pose>
		<truncated>0</truncated>
		<difficult>0</difficult>
		<bndbox>
			<xmin>286</xmin>
			<ymin>141</ymin>
			<xmax>312</xmax>
			<ymax>157</ymax>
		</bndbox>
	</object>
</annotation>
